release_id,release_title,disc_number,position,title,length,id
00dafa47-bdce-4d96-b8af-af0859ee008f,The Beatles’ Hits,1,1,From Me to You,117106,dc87225b-46bc-4a5d-837f-14e7eb8f2ca2
00dafa47-bdce-4d96-b8af-af0859ee008f,The Beatles’ Hits,1,2,Thank You Girl,123600,72e496b3-73e5-482a-99f8-5a0f9a844391
00dafa47-bdce-4d96-b8af-af0859ee008f,The Beatles’ Hits,1,3,Please Please Me,121786,875c1cf7-f568-4f0d-b5e3-bc8a7614269a
00dafa47-bdce-4d96-b8af-af0859ee008f,The Beatles’ Hits,1,4,Love Me Do,141693,1f518811-7cf9-4bdc-a656-0958e130f312
02a86451-1ce5-467e-bef3-a0644ecdc7ff,From Me to You / Thank You Girl,1,1,From Me to You,117106,dc87225b-46bc-4a5d-837f-14e7eb8f2ca2
02a86451-1ce5-467e-bef3-a0644ecdc7ff,From Me to You / Thank You Girl,1,2,Thank You Girl,123600,72e496b3-73e5-482a-99f8-5a0f9a844391
0626822a-600f-3324-8a21-36eb7c812cb5,I Want to Hold Your Hand,1,1,I Want to Hold Your Hand,147000,e9433409-2786-4194-8dfb-9427e6ba34d2
0626822a-600f-3324-8a21-36eb7c812cb5,I Want to Hold Your Hand,1,2,This Boy,135000,7c9e1dfc-71e4-4980-982b-ef841efdd325
0805a5cf-d036-41c3-bc9b-af52aa01b21b,Love Me Do,1,1,Love Me Do,143906,f87eb4dd-7e3c-4365-a3c8-f144696f5952
0805a5cf-d036-41c3-bc9b-af52aa01b21b,Love Me Do,1,2,P.S. I Love You,124000,c84e23aa-20d9-45df-85cb-a6ecdba6e44e
08a76e48-4d6a-3d9f-a25b-5d96166a05ae,Please Please Me / Ask My Why,1,1,Please Please Me,121786,875c1cf7-f568-4f0d-b5e3-bc8a7614269a
08a76e48-4d6a-3d9f-a25b-5d96166a05ae,Please Please Me / Ask My Why,1,2,Ask Me Why,142000,c8da403f-3c34-48b0-ae9e-7aa419df07c3
0d406e63-549a-4326-a319-509ff15398f0,No. 1,1,1,I Saw Her Standing There,175800,da77d23c-3acb-4b3d-9596-24aa55f03ece
0d406e63-549a-4326-a319-509ff15398f0,No. 1,1,2,Misery,110200,c91fd146-01cb-4673-b653-d0845c05e164
0d406e63-549a-4326-a319-509ff15398f0,No. 1,1,3,Anna (Go to Him),177933,db567516-40c0-46b0-9198-a196b8d2a19c
0d406e63-549a-4326-a319-509ff15398f0,No. 1,1,4,Chains,146493,b4e7e5e2-69a5-423c-be62-6a888d07ccb6
0ddf8f4f-2a0f-32b4-af77-6c00473a9edb,From Me to You / Thank You Girl,1,1,From Me to You,117106,dc87225b-46bc-4a5d-837f-14e7eb8f2ca2
0ddf8f4f-2a0f-32b4-af77-6c00473a9edb,From Me to You / Thank You Girl,1,2,Thank You Girl,123600,72e496b3-73e5-482a-99f8-5a0f9a844391
17c32d28-8783-490b-988c-aa8e289db011,Love Me Do / P.S. I Love You,1,1,Love Me Do,141693,1f518811-7cf9-4bdc-a656-0958e130f312
17c32d28-8783-490b-988c-aa8e289db011,Love Me Do / P.S. I Love You,1,2,P.S. I Love You,124000,c84e23aa-20d9-45df-85cb-a6ecdba6e44e
1ddc316c-2578-4aac-a975-5e21b33a4549,With The Beatles,1,1,It Won’t Be Long,133000,49150aa6-2f72-4c95-9247-130d5046e827
1ddc316c-2578-4aac-a975-5e21b33a4549,With The Beatles,1,2,All I’ve Got to Do,125000,c0071f77-86d0-4b0d-a36d-44c8af14dbe8
1ddc316c-2578-4aac-a975-5e21b33a4549,With The Beatles,1,3,All My Loving,130000,be5761a7-d99a-44e8-96a4-904b490f7061
1ddc316c-2578-4aac-a975-5e21b33a4549,With The Beatles,1,4,Don’t Bother Me,149000,fd8dec5e-c45f-4761-9d15-c1fb675cc21b
1ddc316c-2578-4aac-a975-5e21b33a4549,With The Beatles,1,5,Little Child,108000,13075131-64d3-447d-9c98-cd3e06afffda
1ddc316c-2578-4aac-a975-5e21b33a4549,With The Beatles,1,6,Till There Was You,137000,7ac6bb7b-6dca-4343-95f6-27eefc1a8841
1ddc316c-2578-4aac-a975-5e21b33a4549,With The Beatles,1,7,Please Mister Postman,155000,d6760a03-b4fe-429b-ac0e-f49416a12409
1ddc316c-2578-4aac-a975-5e21b33a4549,With The Beatles,1,8,Roll Over Beethoven,167640,706be20f-e062-4569-94cc-25842dc0a625
1ddc316c-2578-4aac-a975-5e21b33a4549,With The Beatles,1,9,Hold Me Tight,153000,0432a2b7-614b-4389-b4fd-44ecdaddc84f
1ddc316c-2578-4aac-a975-5e21b33a4549,With The Beatles,1,10,You Really Got a Hold on Me,183000,c30faedd-630b-48ea-9187-2ee737c310de
1ddc316c-2578-4aac-a975-5e21b33a4549,With The Beatles,1,11,I Wanna Be Your Man,119000,fe9a1f66-b3f7-451a-b0af-0ad513beafed
1ddc316c-2578-4aac-a975-5e21b33a4549,With The Beatles,1,12,Devil in Her Heart,148000,42fd2bdf-eb4b-486c-b144-d650013bd5b4
1ddc316c-2578-4aac-a975-5e21b33a4549,With The Beatles,1,13,Not a Second Time,128000,b5351678-2cbe-4b3d-b843-9fbc0e36b423
1ddc316c-2578-4aac-a975-5e21b33a4549,With The Beatles,1,14,Money (That’s What I Want),168000,37904f52-5381-4afa-a7a9-b49f408d6d33
20e0bad7-bfbf-4f18-b0b3-8549dfcef6f3,Love Me Do / P.S. I Love You,1,1,Love Me Do,143906,f87eb4dd-7e3c-4365-a3c8-f144696f5952
20e0bad7-bfbf-4f18-b0b3-8549dfcef6f3,Love Me Do / P.S. I Love You,1,2,P.S. I Love You,124000,c84e23aa-20d9-45df-85cb-a6ecdba6e44e
231aae8a-fd9a-42b4-bb2e-0b2e94f202fa,Please Please Me / Ask Me Why,1,1,Please Please Me,121786,875c1cf7-f568-4f0d-b5e3-bc8a7614269a
231aae8a-fd9a-42b4-bb2e-0b2e94f202fa,Please Please Me / Ask Me Why,1,2,Ask Me Why,142000,c8da403f-3c34-48b0-ae9e-7aa419df07c3
2521ed53-2c54-37fe-8916-c4cc48e883a1,Beatlemania! With The Beatles,1,1,It Won’t Be Long,133000,49150aa6-2f72-4c95-9247-130d5046e827
2521ed53-2c54-37fe-8916-c4cc48e883a1,Beatlemania! With The Beatles,1,2,All I’ve Got to Do,125000,c0071f77-86d0-4b0d-a36d-44c8af14dbe8
2521ed53-2c54-37fe-8916-c4cc48e883a1,Beatlemania! With The Beatles,1,3,All My Loving,130000,be5761a7-d99a-44e8-96a4-904b490f7061
2521ed53-2c54-37fe-8916-c4cc48e883a1,Beatlemania! With The Beatles,1,4,Don’t Bother Me,149000,fd8dec5e-c45f-4761-9d15-c1fb675cc21b
2521ed53-2c54-37fe-8916-c4cc48e883a1,Beatlemania! With The Beatles,1,5,Little Child,108000,13075131-64d3-447d-9c98-cd3e06afffda
2521ed53-2c54-37fe-8916-c4cc48e883a1,Beatlemania! With The Beatles,1,6,Till There Was You,137000,7ac6bb7b-6dca-4343-95f6-27eefc1a8841
2521ed53-2c54-37fe-8916-c4cc48e883a1,Beatlemania! With The Beatles,1,7,Please Mister Postman,155000,d6760a03-b4fe-429b-ac0e-f49416a12409
2521ed53-2c54-37fe-8916-c4cc48e883a1,Beatlemania! With The Beatles,1,8,Roll Over Beethoven,167640,706be20f-e062-4569-94cc-25842dc0a625
2521ed53-2c54-37fe-8916-c4cc48e883a1,Beatlemania! With The Beatles,1,9,Hold Me Tight,153000,0432a2b7-614b-4389-b4fd-44ecdaddc84f
2521ed53-2c54-37fe-8916-c4cc48e883a1,Beatlemania! With The Beatles,1,10,You Really Got a Hold on Me,183000,c30faedd-630b-48ea-9187-2ee737c310de
2521ed53-2c54-37fe-8916-c4cc48e883a1,Beatlemania! With The Beatles,1,11,I Wanna Be Your Man,119000,fe9a1f66-b3f7-451a-b0af-0ad513beafed
2521ed53-2c54-37fe-8916-c4cc48e883a1,Beatlemania! With The Beatles,1,12,Devil in Her Heart,148000,42fd2bdf-eb4b-486c-b144-d650013bd5b4
2521ed53-2c54-37fe-8916-c4cc48e883a1,Beatlemania! With The Beatles,1,13,Not a Second Time,128000,b5351678-2cbe-4b3d-b843-9fbc0e36b423
2521ed53-2c54-37fe-8916-c4cc48e883a1,Beatlemania! With The Beatles,1,14,Money (That’s What I Want),168000,37904f52-5381-4afa-a7a9-b49f408d6d33
26cd4f44-72fd-4899-867f-ab2a54c109b6,Love Me Do / P.S. I Love You,1,1,Love Me Do,143906,f87eb4dd-7e3c-4365-a3c8-f144696f5952
26cd4f44-72fd-4899-867f-ab2a54c109b6,Love Me Do / P.S. I Love You,1,2,P.S. I Love You,124000,c84e23aa-20d9-45df-85cb-a6ecdba6e44e
27cf1b80-8ecb-4417-9683-10ab63e20a0d,Introducing… The Beatles,1,1,I Saw Her Standing There,175800,da77d23c-3acb-4b3d-9596-24aa55f03ece
27cf1b80-8ecb-4417-9683-10ab63e20a0d,Introducing… The Beatles,1,2,Misery,105000,b5b2c4ce-4c7d-4fa9-99ab-96cc10e767f1
27cf1b80-8ecb-4417-9683-10ab63e20a0d,Introducing… The Beatles,1,3,Anna (Go to Him),177933,db567516-40c0-46b0-9198-a196b8d2a19c
27cf1b80-8ecb-4417-9683-10ab63e20a0d,Introducing… The Beatles,1,4,Chains,146493,b4e7e5e2-69a5-423c-be62-6a888d07ccb6
27cf1b80-8ecb-4417-9683-10ab63e20a0d,Introducing… The Beatles,1,5,Boys,147506,64e7b8ca-2fa2-47ae-8f6a-e3ebf835e2da
27cf1b80-8ecb-4417-9683-10ab63e20a0d,Introducing… The Beatles,1,6,Love Me Do,141693,1f518811-7cf9-4bdc-a656-0958e130f312
27cf1b80-8ecb-4417-9683-10ab63e20a0d,Introducing… The Beatles,1,7,P.S. I Love You,124000,c84e23aa-20d9-45df-85cb-a6ecdba6e44e
27cf1b80-8ecb-4417-9683-10ab63e20a0d,Introducing… The Beatles,1,8,Baby It’s You,160226,f9b03c87-41da-4e69-b97d-500d587e3703
27cf1b80-8ecb-4417-9683-10ab63e20a0d,Introducing… The Beatles,1,9,Do You Want to Know a Secret,120000,42df56b9-0aa2-4cb7-bcb5-b8c6d89803de
27cf1b80-8ecb-4417-9683-10ab63e20a0d,Introducing… The Beatles,1,10,A Taste of Honey,125133,a6fbba57-6e43-4a8b-a017-c9c2cf64b282
27cf1b80-8ecb-4417-9683-10ab63e20a0d,Introducing… The Beatles,1,11,There’s a Place,113000,14c4b37f-8a93-4dc3-bc23-2ed86cdb20bb
27cf1b80-8ecb-4417-9683-10ab63e20a0d,Introducing… The Beatles,1,12,Twist and Shout,153466,af6fb155-b03c-46ea-a44e-22ce394b2a46
28ab69e1-eb9b-4887-b8e3-dd6e58441aef,I Want to Hold Your Hand / This Boy,1,1,I Want to Hold Your Hand,147000,e9433409-2786-4194-8dfb-9427e6ba34d2
28ab69e1-eb9b-4887-b8e3-dd6e58441aef,I Want to Hold Your Hand / This Boy,1,2,This Boy,135000,7c9e1dfc-71e4-4980-982b-ef841efdd325
2999bc64-9246-41b1-9469-178a1a9a9227,Please Please Me,1,1,I Saw Her Standing There,175800,da77d23c-3acb-4b3d-9596-24aa55f03ece
2999bc64-9246-41b1-9469-178a1a9a9227,Please Please Me,1,2,Misery,110200,c91fd146-01cb-4673-b653-d0845c05e164
2999bc64-9246-41b1-9469-178a1a9a9227,Please Please Me,1,3,Anna (Go to Him),177933,db567516-40c0-46b0-9198-a196b8d2a19c
2999bc64-9246-41b1-9469-178a1a9a9227,Please Please Me,1,4,Chains,146493,b4e7e5e2-69a5-423c-be62-6a888d07ccb6
2999bc64-9246-41b1-9469-178a1a9a9227,Please Please Me,1,5,Boys,147506,64e7b8ca-2fa2-47ae-8f6a-e3ebf835e2da
2999bc64-9246-41b1-9469-178a1a9a9227,Please Please Me,1,6,Ask Me Why,147733,04532aae-d0cb-403c-8e09-7ea1716a124c
2999bc64-9246-41b1-9469-178a1a9a9227,Please Please Me,1,7,Please Please Me,121786,875c1cf7-f568-4f0d-b5e3-bc8a7614269a
2999bc64-9246-41b1-9469-178a1a9a9227,Please Please Me,1,8,Love Me Do,141693,1f518811-7cf9-4bdc-a656-0958e130f312
2999bc64-9246-41b1-9469-178a1a9a9227,Please Please Me,1,9,P.S. I Love You,124000,c84e23aa-20d9-45df-85cb-a6ecdba6e44e
2999bc64-9246-41b1-9469-178a1a9a9227,Please Please Me,1,10,Baby It’s You,160226,f9b03c87-41da-4e69-b97d-500d587e3703
2999bc64-9246-41b1-9469-178a1a9a9227,Please Please Me,1,11,Do You Want to Know a Secret,120000,42df56b9-0aa2-4cb7-bcb5-b8c6d89803de
2999bc64-9246-41b1-9469-178a1a9a9227,Please Please Me,1,12,A Taste of Honey,125133,a6fbba57-6e43-4a8b-a017-c9c2cf64b282
2999bc64-9246-41b1-9469-178a1a9a9227,Please Please Me,1,13,There’s a Place,113000,14c4b37f-8a93-4dc3-bc23-2ed86cdb20bb
2999bc64-9246-41b1-9469-178a1a9a9227,Please Please Me,1,14,Twist and Shout,153466,af6fb155-b03c-46ea-a44e-22ce394b2a46
32f132b7-483b-4c42-8b5e-5a511f37c08e,Please Please Me / Ask Me Why,1,1,Please Please Me,121786,875c1cf7-f568-4f0d-b5e3-bc8a7614269a
32f132b7-483b-4c42-8b5e-5a511f37c08e,Please Please Me / Ask Me Why,1,2,Ask Me Why,142000,c8da403f-3c34-48b0-ae9e-7aa419df07c3
3538e59b-8ca3-3c21-a454-73cdec8ac2f6,Introducing… The Beatles,1,1,I Saw Her Standing There,175800,da77d23c-3acb-4b3d-9596-24aa55f03ece
3538e59b-8ca3-3c21-a454-73cdec8ac2f6,Introducing… The Beatles,1,2,Misery,105000,b5b2c4ce-4c7d-4fa9-99ab-96cc10e767f1
3538e59b-8ca3-3c21-a454-73cdec8ac2f6,Introducing… The Beatles,1,3,Anna (Go to Him),177933,db567516-40c0-46b0-9198-a196b8d2a19c
3538e59b-8ca3-3c21-a454-73cdec8ac2f6,Introducing… The Beatles,1,4,Chains,146493,b4e7e5e2-69a5-423c-be62-6a888d07ccb6
3538e59b-8ca3-3c21-a454-73cdec8ac2f6,Introducing… The Beatles,1,5,Boys,147506,64e7b8ca-2fa2-47ae-8f6a-e3ebf835e2da
3538e59b-8ca3-3c21-a454-73cdec8ac2f6,Introducing… The Beatles,1,6,Love Me Do,141693,1f518811-7cf9-4bdc-a656-0958e130f312
3538e59b-8ca3-3c21-a454-73cdec8ac2f6,Introducing… The Beatles,1,7,P.S. I Love You,124000,c84e23aa-20d9-45df-85cb-a6ecdba6e44e
3538e59b-8ca3-3c21-a454-73cdec8ac2f6,Introducing… The Beatles,1,8,Baby It’s You,160226,f9b03c87-41da-4e69-b97d-500d587e3703
3538e59b-8ca3-3c21-a454-73cdec8ac2f6,Introducing… The Beatles,1,9,Do You Want to Know a Secret,120000,42df56b9-0aa2-4cb7-bcb5-b8c6d89803de
3538e59b-8ca3-3c21-a454-73cdec8ac2f6,Introducing… The Beatles,1,10,A Taste of Honey,125133,a6fbba57-6e43-4a8b-a017-c9c2cf64b282
3538e59b-8ca3-3c21-a454-73cdec8ac2f6,Introducing… The Beatles,1,11,There’s a Place,113000,14c4b37f-8a93-4dc3-bc23-2ed86cdb20bb
3538e59b-8ca3-3c21-a454-73cdec8ac2f6,Introducing… The Beatles,1,12,Twist and Shout,153466,af6fb155-b03c-46ea-a44e-22ce394b2a46
369a42c9-5036-4747-8daa-10c15b11d0a4,"Prince of Wales Theatre, London UK, November 10, 1963 (Royal Variety Performance)",1,1,ATV identification - Twist And Shout (exerpt),27106,64c8f7bf-255d-4673-b759-4ffcf6115ce0
369a42c9-5036-4747-8daa-10c15b11d0a4,"Prince of Wales Theatre, London UK, November 10, 1963 (Royal Variety Performance)",1,2,Harry Secombe,72173,3bfeb84f-1d54-446f-9249-f646ea731b34
369a42c9-5036-4747-8daa-10c15b11d0a4,"Prince of Wales Theatre, London UK, November 10, 1963 (Royal Variety Performance)",1,3,From Me To You,122026,88abbbd8-8f26-4120-946a-13246200478a
369a42c9-5036-4747-8daa-10c15b11d0a4,"Prince of Wales Theatre, London UK, November 10, 1963 (Royal Variety Performance)",1,4,Intro to She Loves You,6933,09931567-b3da-45fc-bcc9-fdb9a3cae11f
369a42c9-5036-4747-8daa-10c15b11d0a4,"Prince of Wales Theatre, London UK, November 10, 1963 (Royal Variety Performance)",1,5,She Loves You,157760,b08ef894-540d-4456-8cd0-cf3beb080678
369a42c9-5036-4747-8daa-10c15b11d0a4,"Prince of Wales Theatre, London UK, November 10, 1963 (Royal Variety Performance)",1,6,Intro to Till There Was You,10866,849c378d-e846-4c18-bc94-8d6aae1da31f
369a42c9-5036-4747-8daa-10c15b11d0a4,"Prince of Wales Theatre, London UK, November 10, 1963 (Royal Variety Performance)",1,7,Till There Was You,152786,b89a4047-384d-4ff9-8f70-0e7c078cd5b2
369a42c9-5036-4747-8daa-10c15b11d0a4,"Prince of Wales Theatre, London UK, November 10, 1963 (Royal Variety Performance)",1,8,Intro to Twist And Shout,19960,6eb79d0e-8fdc-4c7c-a7bb-84434dfec163
369a42c9-5036-4747-8daa-10c15b11d0a4,"Prince of Wales Theatre, London UK, November 10, 1963 (Royal Variety Performance)",1,9,Twist And Shout,158493,66bbd2db-0ed9-4d75-8144-1e9a18618b67
369a42c9-5036-4747-8daa-10c15b11d0a4,"Prince of Wales Theatre, London UK, November 10, 1963 (Royal Variety Performance)",1,10,Joe Loss And His Orchestra,27800,11bb0a6b-2f5d-40fd-a0ee-211dee4fceb3
369a42c9-5036-4747-8daa-10c15b11d0a4,"Prince of Wales Theatre, London UK, November 10, 1963 (Royal Variety Performance)",1,11,Dickie Henderson,58680,c4403649-a182-4c3f-acf9-12bc6b02c330
369a42c9-5036-4747-8daa-10c15b11d0a4,"Prince of Wales Theatre, London UK, November 10, 1963 (Royal Variety Performance)",1,12,Intro to Till There Was You (improved source),12106,2718b948-650c-4906-b7f3-483dced9d436
369a42c9-5036-4747-8daa-10c15b11d0a4,"Prince of Wales Theatre, London UK, November 10, 1963 (Royal Variety Performance)",1,13,Till There Was You (improved source),155920,fc19ff89-fd15-40e9-85b4-93b276c36e6d
369a42c9-5036-4747-8daa-10c15b11d0a4,"Prince of Wales Theatre, London UK, November 10, 1963 (Royal Variety Performance)",1,14,Intro to Twist And Shout (improved source),16480,12a9ebbd-3615-4922-ab59-97c77129cf68
369a42c9-5036-4747-8daa-10c15b11d0a4,"Prince of Wales Theatre, London UK, November 10, 1963 (Royal Variety Performance)",1,15,Twist And Shout (improved source),179600,96d8b4de-6fb9-49cb-b693-0ab65b5bd706
3a685770-7326-34fc-9f18-e5f5626f3dc5,Please Please Me,1,1,I Saw Her Standing There,175773,0e04d324-4710-422e-8a4a-1d7362caa5ad
3a685770-7326-34fc-9f18-e5f5626f3dc5,Please Please Me,1,2,Misery,108547,cd80145d-f897-4469-a7d5-cedc6d83b816
3a685770-7326-34fc-9f18-e5f5626f3dc5,Please Please Me,1,3,Anna (Go to Him),177133,59b38ba7-ad30-4dfe-ba41-3d8ee4348c18
3a685770-7326-34fc-9f18-e5f5626f3dc5,Please Please Me,1,4,Chains,145080,7c56b21f-17d5-43a3-a698-14373c1f302d
3a685770-7326-34fc-9f18-e5f5626f3dc5,Please Please Me,1,5,Boys,146440,606667b6-12ac-4e34-9e42-d5c773916d10
3a685770-7326-34fc-9f18-e5f5626f3dc5,Please Please Me,1,6,Ask Me Why,146533,d9944f08-0291-4939-9630-65f0ae8657ae
3a685770-7326-34fc-9f18-e5f5626f3dc5,Please Please Me,1,7,Please Please Me,122000,b720b11f-2c00-4f48-83b9-4aa9d3207e8c
3a685770-7326-34fc-9f18-e5f5626f3dc5,Please Please Me,1,8,Love Me Do,141693,1f518811-7cf9-4bdc-a656-0958e130f312
3a685770-7326-34fc-9f18-e5f5626f3dc5,Please Please Me,1,9,P.S. I Love You,124000,c84e23aa-20d9-45df-85cb-a6ecdba6e44e
3a685770-7326-34fc-9f18-e5f5626f3dc5,Please Please Me,1,10,Baby It’s You,160226,fc36150d-9979-429d-aa9d-b217fd7d7218
3a685770-7326-34fc-9f18-e5f5626f3dc5,Please Please Me,1,11,Do You Want to Know a Secret,117013,b3c37580-789c-42d4-a906-ee0cf5cf4649
3a685770-7326-34fc-9f18-e5f5626f3dc5,Please Please Me,1,12,A Taste of Honey,123480,6794841d-9f38-4e22-865c-fdee1f383043
3a685770-7326-34fc-9f18-e5f5626f3dc5,Please Please Me,1,13,There’s a Place,110493,ee801ae1-001f-4b9e-9ebc-b2d03b8bf672
3a685770-7326-34fc-9f18-e5f5626f3dc5,Please Please Me,1,14,Twist and Shout,154000,735027a3-d183-42a0-a691-7be6c166df2f
3c1b9914-c2c1-4c1c-a53e-f6b6fc52da97,Twist and Shout,1,1,Twist and Shout,153466,af6fb155-b03c-46ea-a44e-22ce394b2a46
3c1b9914-c2c1-4c1c-a53e-f6b6fc52da97,Twist and Shout,1,2,A Taste of Honey,125133,a6fbba57-6e43-4a8b-a017-c9c2cf64b282
3c1b9914-c2c1-4c1c-a53e-f6b6fc52da97,Twist and Shout,1,3,Do You Want to Know a Secret,120000,42df56b9-0aa2-4cb7-bcb5-b8c6d89803de
3c1b9914-c2c1-4c1c-a53e-f6b6fc52da97,Twist and Shout,1,4,There’s a Place,113000,14c4b37f-8a93-4dc3-bc23-2ed86cdb20bb
3d732f2c-2514-42d2-9aa4-546bfcecbb4e,From Me to You,1,1,From Me to You,123840,26b73835-8ae0-4205-9293-7b57c0b9c30d
3d732f2c-2514-42d2-9aa4-546bfcecbb4e,From Me to You,1,2,Ask Me Why,,c8dac115-6c68-4ed7-93ee-b4cf8c26359e
3d732f2c-2514-42d2-9aa4-546bfcecbb4e,From Me to You,1,3,I Saw Her Standing There,168373,0d1961c7-27e9-49ab-b05b-8ffe8078f01b
3d732f2c-2514-42d2-9aa4-546bfcecbb4e,From Me to You,1,4,Please Please Me,131626,e355812f-d06d-4f4c-b424-3c61b429b9f5
3fba454c-3f6d-4a47-8b27-2ad00a81ca16,Please Please Me,1,1,I Saw Her Standing There,175773,0e04d324-4710-422e-8a4a-1d7362caa5ad
3fba454c-3f6d-4a47-8b27-2ad00a81ca16,Please Please Me,1,2,Misery,108547,cd80145d-f897-4469-a7d5-cedc6d83b816
3fba454c-3f6d-4a47-8b27-2ad00a81ca16,Please Please Me,1,3,Anna (Go to Him),177133,59b38ba7-ad30-4dfe-ba41-3d8ee4348c18
3fba454c-3f6d-4a47-8b27-2ad00a81ca16,Please Please Me,1,4,Chains,145080,7c56b21f-17d5-43a3-a698-14373c1f302d
3fba454c-3f6d-4a47-8b27-2ad00a81ca16,Please Please Me,1,5,Boys,146440,606667b6-12ac-4e34-9e42-d5c773916d10
3fba454c-3f6d-4a47-8b27-2ad00a81ca16,Please Please Me,1,6,Ask Me Why,146533,d9944f08-0291-4939-9630-65f0ae8657ae
3fba454c-3f6d-4a47-8b27-2ad00a81ca16,Please Please Me,1,7,Please Please Me,122000,b720b11f-2c00-4f48-83b9-4aa9d3207e8c
3fba454c-3f6d-4a47-8b27-2ad00a81ca16,Please Please Me,1,8,Love Me Do,141693,1f518811-7cf9-4bdc-a656-0958e130f312
3fba454c-3f6d-4a47-8b27-2ad00a81ca16,Please Please Me,1,9,P.S. I Love You,124000,c84e23aa-20d9-45df-85cb-a6ecdba6e44e
3fba454c-3f6d-4a47-8b27-2ad00a81ca16,Please Please Me,1,10,Baby It’s You,160226,fc36150d-9979-429d-aa9d-b217fd7d7218
3fba454c-3f6d-4a47-8b27-2ad00a81ca16,Please Please Me,1,11,Do You Want to Know a Secret,117013,b3c37580-789c-42d4-a906-ee0cf5cf4649
3fba454c-3f6d-4a47-8b27-2ad00a81ca16,Please Please Me,1,12,A Taste of Honey,123480,6794841d-9f38-4e22-865c-fdee1f383043
3fba454c-3f6d-4a47-8b27-2ad00a81ca16,Please Please Me,1,13,There’s a Place,110493,ee801ae1-001f-4b9e-9ebc-b2d03b8bf672
3fba454c-3f6d-4a47-8b27-2ad00a81ca16,Please Please Me,1,14,Twist and Shout,154000,735027a3-d183-42a0-a691-7be6c166df2f
48b2ce07-4f57-37d0-8464-4d1a1e0c3e41,The Beatles’ Hits,1,1,From Me to You,117106,dc87225b-46bc-4a5d-837f-14e7eb8f2ca2
48b2ce07-4f57-37d0-8464-4d1a1e0c3e41,The Beatles’ Hits,1,2,Thank You Girl,123600,72e496b3-73e5-482a-99f8-5a0f9a844391
48b2ce07-4f57-37d0-8464-4d1a1e0c3e41,The Beatles’ Hits,1,3,Please Please Me,122000,b720b11f-2c00-4f48-83b9-4aa9d3207e8c
48b2ce07-4f57-37d0-8464-4d1a1e0c3e41,The Beatles’ Hits,1,4,Love Me Do,141693,1f518811-7cf9-4bdc-a656-0958e130f312
4b4c9d63-f4ad-41e0-9065-a645ea5f9115,Please Please Me / Ask Me Why,1,1,Please Please Me,121786,875c1cf7-f568-4f0d-b5e3-bc8a7614269a
4b4c9d63-f4ad-41e0-9065-a645ea5f9115,Please Please Me / Ask Me Why,1,2,Ask Me Why,142000,c8da403f-3c34-48b0-ae9e-7aa419df07c3
4b54d45d-317b-4e78-a963-08ce756086f7,She Loves You / I’ll Get You,1,1,She Loves You,141333,21047249-7b3f-4651-acca-246669c081fd
4b54d45d-317b-4e78-a963-08ce756086f7,She Loves You / I’ll Get You,1,2,I’ll Get You,125893,5de0bb62-d0aa-47f1-9d04-e7911a7ffdc5
4b7a85ce-9bab-4ce8-8170-17e9f92a1295,I Want to Hold Your Hand / I Saw Her Standing There,1,1,I Want to Hold Your Hand,147000,e9433409-2786-4194-8dfb-9427e6ba34d2
4b7a85ce-9bab-4ce8-8170-17e9f92a1295,I Want to Hold Your Hand / I Saw Her Standing There,1,2,I Saw Her Standing There,175773,0e04d324-4710-422e-8a4a-1d7362caa5ad
57c402b0-9cdc-4354-aac5-f3ad6d4d4078,Introducing… The Beatles,1,1,I Saw Her Standing There,175800,da77d23c-3acb-4b3d-9596-24aa55f03ece
57c402b0-9cdc-4354-aac5-f3ad6d4d4078,Introducing… The Beatles,1,2,Misery,105000,b5b2c4ce-4c7d-4fa9-99ab-96cc10e767f1
57c402b0-9cdc-4354-aac5-f3ad6d4d4078,Introducing… The Beatles,1,3,Anna (Go to Him),177933,db567516-40c0-46b0-9198-a196b8d2a19c
57c402b0-9cdc-4354-aac5-f3ad6d4d4078,Introducing… The Beatles,1,4,Chains,146493,b4e7e5e2-69a5-423c-be62-6a888d07ccb6
57c402b0-9cdc-4354-aac5-f3ad6d4d4078,Introducing… The Beatles,1,5,Boys,147506,64e7b8ca-2fa2-47ae-8f6a-e3ebf835e2da
57c402b0-9cdc-4354-aac5-f3ad6d4d4078,Introducing… The Beatles,1,6,Love Me Do,141693,1f518811-7cf9-4bdc-a656-0958e130f312
57c402b0-9cdc-4354-aac5-f3ad6d4d4078,Introducing… The Beatles,1,7,P.S. I Love You,124000,c84e23aa-20d9-45df-85cb-a6ecdba6e44e
57c402b0-9cdc-4354-aac5-f3ad6d4d4078,Introducing… The Beatles,1,8,Baby It’s You,160226,f9b03c87-41da-4e69-b97d-500d587e3703
57c402b0-9cdc-4354-aac5-f3ad6d4d4078,Introducing… The Beatles,1,9,Do You Want to Know a Secret,120000,42df56b9-0aa2-4cb7-bcb5-b8c6d89803de
57c402b0-9cdc-4354-aac5-f3ad6d4d4078,Introducing… The Beatles,1,10,A Taste of Honey,125133,a6fbba57-6e43-4a8b-a017-c9c2cf64b282
57c402b0-9cdc-4354-aac5-f3ad6d4d4078,Introducing… The Beatles,1,11,There’s a Place,113000,14c4b37f-8a93-4dc3-bc23-2ed86cdb20bb
57c402b0-9cdc-4354-aac5-f3ad6d4d4078,Introducing… The Beatles,1,12,Twist and Shout,153466,af6fb155-b03c-46ea-a44e-22ce394b2a46
586cd846-ecfa-33d4-b161-e0c7bbc6196a,My Bonnie,1,1,My Bonnie,162160,d77c43a1-7804-46ce-98c3-8da60ebba7ba
586cd846-ecfa-33d4-b161-e0c7bbc6196a,My Bonnie,1,2,The Saints,199000,bb0fc222-e480-48a5-89ec-a564efb3886a
5b61f0e1-4e42-4384-a891-c7b226115a94,She Loves You / I’ll Get You,1,1,She Loves You,141333,21047249-7b3f-4651-acca-246669c081fd
5b61f0e1-4e42-4384-a891-c7b226115a94,She Loves You / I’ll Get You,1,2,I’ll Get You,125893,5de0bb62-d0aa-47f1-9d04-e7911a7ffdc5
63b91d42-161c-4313-9f07-3e6650fa1aab,Please Please Me / Ask Me Why,1,1,Please Please Me,121786,875c1cf7-f568-4f0d-b5e3-bc8a7614269a
63b91d42-161c-4313-9f07-3e6650fa1aab,Please Please Me / Ask Me Why,1,2,Ask Me Why,142000,c8da403f-3c34-48b0-ae9e-7aa419df07c3
68d289cb-325f-45bc-83da-01252936a6ee,I Want to Hold Your Hand / I Saw Her Standing There,1,1,I Want to Hold Your Hand,147000,e9433409-2786-4194-8dfb-9427e6ba34d2
68d289cb-325f-45bc-83da-01252936a6ee,I Want to Hold Your Hand / I Saw Her Standing There,1,2,I Saw Her Standing There,175773,0e04d324-4710-422e-8a4a-1d7362caa5ad
71e7711d-c3b4-43a7-943c-7922bc37b183,Please Please Me,1,1,I Saw Her Standing There,175773,0e04d324-4710-422e-8a4a-1d7362caa5ad
71e7711d-c3b4-43a7-943c-7922bc37b183,Please Please Me,1,2,Misery,108547,cd80145d-f897-4469-a7d5-cedc6d83b816
71e7711d-c3b4-43a7-943c-7922bc37b183,Please Please Me,1,3,Anna (Go to Him),177133,59b38ba7-ad30-4dfe-ba41-3d8ee4348c18
71e7711d-c3b4-43a7-943c-7922bc37b183,Please Please Me,1,4,Chains,145080,7c56b21f-17d5-43a3-a698-14373c1f302d
71e7711d-c3b4-43a7-943c-7922bc37b183,Please Please Me,1,5,Boys,146440,606667b6-12ac-4e34-9e42-d5c773916d10
71e7711d-c3b4-43a7-943c-7922bc37b183,Please Please Me,1,6,Ask Me Why,146533,d9944f08-0291-4939-9630-65f0ae8657ae
71e7711d-c3b4-43a7-943c-7922bc37b183,Please Please Me,1,7,Please Please Me,122000,b720b11f-2c00-4f48-83b9-4aa9d3207e8c
71e7711d-c3b4-43a7-943c-7922bc37b183,Please Please Me,1,8,Love Me Do,141693,1f518811-7cf9-4bdc-a656-0958e130f312
71e7711d-c3b4-43a7-943c-7922bc37b183,Please Please Me,1,9,P.S. I Love You,124000,c84e23aa-20d9-45df-85cb-a6ecdba6e44e
71e7711d-c3b4-43a7-943c-7922bc37b183,Please Please Me,1,10,Baby It’s You,160226,fc36150d-9979-429d-aa9d-b217fd7d7218
71e7711d-c3b4-43a7-943c-7922bc37b183,Please Please Me,1,11,Do You Want to Know a Secret,117013,b3c37580-789c-42d4-a906-ee0cf5cf4649
71e7711d-c3b4-43a7-943c-7922bc37b183,Please Please Me,1,12,A Taste of Honey,123480,6794841d-9f38-4e22-865c-fdee1f383043
71e7711d-c3b4-43a7-943c-7922bc37b183,Please Please Me,1,13,There’s a Place,110493,ee801ae1-001f-4b9e-9ebc-b2d03b8bf672
71e7711d-c3b4-43a7-943c-7922bc37b183,Please Please Me,1,14,Twist and Shout,154000,735027a3-d183-42a0-a691-7be6c166df2f
7875663e-8923-45bd-a837-c7de69e2f37f,I Want to Hold Your Hand / This Boy,1,1,I Want to Hold Your Hand,147000,e9433409-2786-4194-8dfb-9427e6ba34d2
7875663e-8923-45bd-a837-c7de69e2f37f,I Want to Hold Your Hand / This Boy,1,2,This Boy,135000,7c9e1dfc-71e4-4980-982b-ef841efdd325
79bbd213-8004-47b5-901e-40a2a1ca060c,From Me to You / Thank You Girl,1,1,From Me to You,117106,dc87225b-46bc-4a5d-837f-14e7eb8f2ca2
79bbd213-8004-47b5-901e-40a2a1ca060c,From Me to You / Thank You Girl,1,2,Thank You Girl,123600,72e496b3-73e5-482a-99f8-5a0f9a844391
7a48db1b-6564-4817-b171-b6f3a2af7f16,With The Beatles,1,1,It Won’t Be Long,133386,d51d3d1f-7f92-4a8b-91df-f37c3a93d145
7a48db1b-6564-4817-b171-b6f3a2af7f16,With The Beatles,1,2,All I’ve Got to Do,125000,3129b2ee-03fe-477c-92f7-e275b96f5071
7a48db1b-6564-4817-b171-b6f3a2af7f16,With The Beatles,1,3,All My Loving,129226,a7a373f1-b996-4017-81f8-9e3276522f25
7a48db1b-6564-4817-b171-b6f3a2af7f16,With The Beatles,1,4,Don’t Bother Me,149000,ae2c5d82-1295-4f2a-8680-8bd42e61281a
7a48db1b-6564-4817-b171-b6f3a2af7f16,With The Beatles,1,5,Little Child,108000,542e40c8-f83c-430b-bd44-d0c20e9b8c92
7a48db1b-6564-4817-b171-b6f3a2af7f16,With The Beatles,1,6,Till There Was You,137000,7d61f681-36ea-44cf-9de1-84c0241de96d
7a48db1b-6564-4817-b171-b6f3a2af7f16,With The Beatles,1,7,Please Mister Postman,155000,62ebf874-f6ba-4df9-9a4a-944aebf1f07b
7a48db1b-6564-4817-b171-b6f3a2af7f16,With The Beatles,1,8,Roll Over Beethoven,168000,e44e7ccd-3297-48ed-8611-0beb6087d92d
7a48db1b-6564-4817-b171-b6f3a2af7f16,With The Beatles,1,9,Hold Me Tight,153000,47c5356f-b40f-4369-82d4-b0238eb78f6a
7a48db1b-6564-4817-b171-b6f3a2af7f16,With The Beatles,1,10,You Really Got a Hold on Me,183000,4dc2450f-4353-441f-baa4-e3b0d31562fa
7a48db1b-6564-4817-b171-b6f3a2af7f16,With The Beatles,1,11,I Wanna Be Your Man,120000,573b70bd-9ac3-4600-8092-00e483046d3e
7a48db1b-6564-4817-b171-b6f3a2af7f16,With The Beatles,1,12,Devil in Her Heart,148000,8b090b49-76a0-4ef0-8270-22ccc60b272f
7a48db1b-6564-4817-b171-b6f3a2af7f16,With The Beatles,1,13,Not a Second Time,127000,02e355fc-e422-4aa3-acfa-089c35ecc128
7a48db1b-6564-4817-b171-b6f3a2af7f16,With The Beatles,1,14,Money (That’s What I Want),169506,efc73dc2-b2a5-451b-95a8-1712009005a4
7a6b0ed9-64e6-39e9-be92-3df383ccf65c,Please Please Me / Ask Me Why,1,1,Please Please Me,122000,b720b11f-2c00-4f48-83b9-4aa9d3207e8c
7a6b0ed9-64e6-39e9-be92-3df383ccf65c,Please Please Me / Ask Me Why,1,2,Ask Me Why,142000,c8da403f-3c34-48b0-ae9e-7aa419df07c3
7cc674f6-187a-46dc-905f-9f3f2812b896,My Bonnie,1,1,My Bonnie,162160,d77c43a1-7804-46ce-98c3-8da60ebba7ba
7cc674f6-187a-46dc-905f-9f3f2812b896,My Bonnie,1,2,The Saints,199000,bb0fc222-e480-48a5-89ec-a564efb3886a
8216b400-47b8-4438-9cf7-876695d662dd,She Loves You / I’ll Get You,1,1,She Loves You,141333,21047249-7b3f-4651-acca-246669c081fd
8216b400-47b8-4438-9cf7-876695d662dd,She Loves You / I’ll Get You,1,2,I’ll Get You,125893,5de0bb62-d0aa-47f1-9d04-e7911a7ffdc5
822d5064-d8a8-31d2-b584-ce85fe18d041,She Loves You / I’ll Get You,1,1,She Loves You,141333,21047249-7b3f-4651-acca-246669c081fd
822d5064-d8a8-31d2-b584-ce85fe18d041,She Loves You / I’ll Get You,1,2,I’ll Get You,125893,5de0bb62-d0aa-47f1-9d04-e7911a7ffdc5
857b8526-bd30-41a4-af06-c972afcea52d,Please Please Me / Ask Me Why,1,1,Please Please Me,121786,875c1cf7-f568-4f0d-b5e3-bc8a7614269a
857b8526-bd30-41a4-af06-c972afcea52d,Please Please Me / Ask Me Why,1,2,Ask Me Why,142000,c8da403f-3c34-48b0-ae9e-7aa419df07c3
89fb70fd-44b3-4a59-b0e0-a4ca31afe805,From Me to You / Thank You Girl,1,1,From Me to You,117106,dc87225b-46bc-4a5d-837f-14e7eb8f2ca2
89fb70fd-44b3-4a59-b0e0-a4ca31afe805,From Me to You / Thank You Girl,1,2,Thank You Girl,123600,72e496b3-73e5-482a-99f8-5a0f9a844391
8ae5b091-9e33-4fea-84f0-8ebdebaad184,Introducing… The Beatles,1,1,I Saw Her Standing There,175773,0e04d324-4710-422e-8a4a-1d7362caa5ad
8ae5b091-9e33-4fea-84f0-8ebdebaad184,Introducing… The Beatles,1,2,Misery,108547,cd80145d-f897-4469-a7d5-cedc6d83b816
8ae5b091-9e33-4fea-84f0-8ebdebaad184,Introducing… The Beatles,1,3,Anna (Go to Him),177133,59b38ba7-ad30-4dfe-ba41-3d8ee4348c18
8ae5b091-9e33-4fea-84f0-8ebdebaad184,Introducing… The Beatles,1,4,Chains,145080,7c56b21f-17d5-43a3-a698-14373c1f302d
8ae5b091-9e33-4fea-84f0-8ebdebaad184,Introducing… The Beatles,1,5,Boys,146440,606667b6-12ac-4e34-9e42-d5c773916d10
8ae5b091-9e33-4fea-84f0-8ebdebaad184,Introducing… The Beatles,1,6,Love Me Do,141693,1f518811-7cf9-4bdc-a656-0958e130f312
8ae5b091-9e33-4fea-84f0-8ebdebaad184,Introducing… The Beatles,1,7,P.S. I Love You,124000,c84e23aa-20d9-45df-85cb-a6ecdba6e44e
8ae5b091-9e33-4fea-84f0-8ebdebaad184,Introducing… The Beatles,1,8,Baby It’s You,160226,fc36150d-9979-429d-aa9d-b217fd7d7218
8ae5b091-9e33-4fea-84f0-8ebdebaad184,Introducing… The Beatles,1,9,Do You Want to Know a Secret,117013,b3c37580-789c-42d4-a906-ee0cf5cf4649
8ae5b091-9e33-4fea-84f0-8ebdebaad184,Introducing… The Beatles,1,10,A Taste of Honey,123480,6794841d-9f38-4e22-865c-fdee1f383043
8ae5b091-9e33-4fea-84f0-8ebdebaad184,Introducing… The Beatles,1,11,There’s a Place,110493,ee801ae1-001f-4b9e-9ebc-b2d03b8bf672
8ae5b091-9e33-4fea-84f0-8ebdebaad184,Introducing… The Beatles,1,12,Twist and Shout,154000,735027a3-d183-42a0-a691-7be6c166df2f
8d09b10f-8578-46d9-bd4e-e5254c8b6855,Please Please Me / Ask Me Why,1,1,Please Please Me,121786,875c1cf7-f568-4f0d-b5e3-bc8a7614269a
8d09b10f-8578-46d9-bd4e-e5254c8b6855,Please Please Me / Ask Me Why,1,2,Ask Me Why,142000,c8da403f-3c34-48b0-ae9e-7aa419df07c3
8f7d816a-81f5-4fe5-a625-3aeb363dc8fb,With The Beatles,1,1,It Won’t Be Long,133386,d51d3d1f-7f92-4a8b-91df-f37c3a93d145
8f7d816a-81f5-4fe5-a625-3aeb363dc8fb,With The Beatles,1,2,All I’ve Got to Do,125000,3129b2ee-03fe-477c-92f7-e275b96f5071
8f7d816a-81f5-4fe5-a625-3aeb363dc8fb,With The Beatles,1,3,All My Loving,129226,a7a373f1-b996-4017-81f8-9e3276522f25
8f7d816a-81f5-4fe5-a625-3aeb363dc8fb,With The Beatles,1,4,Don’t Bother Me,149000,ae2c5d82-1295-4f2a-8680-8bd42e61281a
8f7d816a-81f5-4fe5-a625-3aeb363dc8fb,With The Beatles,1,5,Little Child,108000,542e40c8-f83c-430b-bd44-d0c20e9b8c92
8f7d816a-81f5-4fe5-a625-3aeb363dc8fb,With The Beatles,1,6,Till There Was You,137000,7d61f681-36ea-44cf-9de1-84c0241de96d
8f7d816a-81f5-4fe5-a625-3aeb363dc8fb,With The Beatles,1,7,Please Mister Postman,155000,62ebf874-f6ba-4df9-9a4a-944aebf1f07b
8f7d816a-81f5-4fe5-a625-3aeb363dc8fb,With The Beatles,1,8,Roll Over Beethoven,168000,e44e7ccd-3297-48ed-8611-0beb6087d92d
8f7d816a-81f5-4fe5-a625-3aeb363dc8fb,With The Beatles,1,9,Hold Me Tight,153000,47c5356f-b40f-4369-82d4-b0238eb78f6a
8f7d816a-81f5-4fe5-a625-3aeb363dc8fb,With The Beatles,1,10,You Really Got a Hold on Me,183000,4dc2450f-4353-441f-baa4-e3b0d31562fa
8f7d816a-81f5-4fe5-a625-3aeb363dc8fb,With The Beatles,1,11,I Wanna Be Your Man,120000,573b70bd-9ac3-4600-8092-00e483046d3e
8f7d816a-81f5-4fe5-a625-3aeb363dc8fb,With The Beatles,1,12,Devil in Her Heart,148000,8b090b49-76a0-4ef0-8270-22ccc60b272f
8f7d816a-81f5-4fe5-a625-3aeb363dc8fb,With The Beatles,1,13,Not a Second Time,127000,02e355fc-e422-4aa3-acfa-089c35ecc128
8f7d816a-81f5-4fe5-a625-3aeb363dc8fb,With The Beatles,1,14,Money (That’s What I Want),169506,efc73dc2-b2a5-451b-95a8-1712009005a4
90f49f25-abfd-4e78-8648-bacb7da0cc00,The Beatles’ Christmas Record,1,1,The Beatles Christmas Record,303000,5b913c5f-41ab-430c-b8c9-255dfca8a840
932d3dda-31ae-4832-b072-db181537ae55,Please Please Me,1,1,I Saw Her Standing There,175773,0e04d324-4710-422e-8a4a-1d7362caa5ad
932d3dda-31ae-4832-b072-db181537ae55,Please Please Me,1,2,Misery,108547,cd80145d-f897-4469-a7d5-cedc6d83b816
932d3dda-31ae-4832-b072-db181537ae55,Please Please Me,1,3,Anna (Go to Him),177133,59b38ba7-ad30-4dfe-ba41-3d8ee4348c18
932d3dda-31ae-4832-b072-db181537ae55,Please Please Me,1,4,Chains,145080,7c56b21f-17d5-43a3-a698-14373c1f302d
932d3dda-31ae-4832-b072-db181537ae55,Please Please Me,1,5,Boys,146440,606667b6-12ac-4e34-9e42-d5c773916d10
932d3dda-31ae-4832-b072-db181537ae55,Please Please Me,1,6,Ask Me Why,146533,d9944f08-0291-4939-9630-65f0ae8657ae
932d3dda-31ae-4832-b072-db181537ae55,Please Please Me,1,7,Please Please Me,122000,b720b11f-2c00-4f48-83b9-4aa9d3207e8c
932d3dda-31ae-4832-b072-db181537ae55,Please Please Me,1,8,Love Me Do,141693,1f518811-7cf9-4bdc-a656-0958e130f312
932d3dda-31ae-4832-b072-db181537ae55,Please Please Me,1,9,P.S. I Love You,124000,c84e23aa-20d9-45df-85cb-a6ecdba6e44e
932d3dda-31ae-4832-b072-db181537ae55,Please Please Me,1,10,Baby It’s You,160226,fc36150d-9979-429d-aa9d-b217fd7d7218
932d3dda-31ae-4832-b072-db181537ae55,Please Please Me,1,11,Do You Want to Know a Secret,117013,b3c37580-789c-42d4-a906-ee0cf5cf4649
932d3dda-31ae-4832-b072-db181537ae55,Please Please Me,1,12,A Taste of Honey,123480,6794841d-9f38-4e22-865c-fdee1f383043
932d3dda-31ae-4832-b072-db181537ae55,Please Please Me,1,13,There’s a Place,110493,ee801ae1-001f-4b9e-9ebc-b2d03b8bf672
932d3dda-31ae-4832-b072-db181537ae55,Please Please Me,1,14,Twist and Shout,154000,735027a3-d183-42a0-a691-7be6c166df2f
9347cc3f-2b5a-4d25-97e9-c5b57a5f909d,Twist and Shout,1,1,Twist and Shout,153466,af6fb155-b03c-46ea-a44e-22ce394b2a46
9347cc3f-2b5a-4d25-97e9-c5b57a5f909d,Twist and Shout,1,2,A Taste of Honey,125133,a6fbba57-6e43-4a8b-a017-c9c2cf64b282
952deba8-30e8-430a-a338-02a720c339d2,My Bonnie,1,1,My Bonnie,164840,93ab1582-3bce-486b-8c2e-5d3026dccd48
952deba8-30e8-430a-a338-02a720c339d2,My Bonnie,1,2,The Saints,199000,bb0fc222-e480-48a5-89ec-a564efb3886a
97e59b06-788e-3609-bdff-62c5f4eeeee0,From Me to You,1,1,From Me to You,117106,dc87225b-46bc-4a5d-837f-14e7eb8f2ca2
97e59b06-788e-3609-bdff-62c5f4eeeee0,From Me to You,1,2,Thank You Girl,123600,72e496b3-73e5-482a-99f8-5a0f9a844391
99799f20-1600-4b24-9fea-321992f84986,My Bonnie,1,1,My Bonnie,162160,d77c43a1-7804-46ce-98c3-8da60ebba7ba
99799f20-1600-4b24-9fea-321992f84986,My Bonnie,1,2,The Saints,199000,bb0fc222-e480-48a5-89ec-a564efb3886a
9982938c-df39-468f-98a7-11d8d41825a5,From Me to You / Thank You Girl,1,1,From Me to You,117106,dc87225b-46bc-4a5d-837f-14e7eb8f2ca2
9982938c-df39-468f-98a7-11d8d41825a5,From Me to You / Thank You Girl,1,2,Thank You Girl,123600,72e496b3-73e5-482a-99f8-5a0f9a844391
9a018043-1184-4a86-aea6-5fddbc3fa182,From Me to You / Thank You Girl,1,1,From Me to You,117106,dc87225b-46bc-4a5d-837f-14e7eb8f2ca2
9a018043-1184-4a86-aea6-5fddbc3fa182,From Me to You / Thank You Girl,1,2,Thank You Girl,123600,72e496b3-73e5-482a-99f8-5a0f9a844391
9a56edc6-3a60-395f-8b8a-57f79c107b05,Twist and Shout,1,1,Twist and Shout,154000,735027a3-d183-42a0-a691-7be6c166df2f
9a56edc6-3a60-395f-8b8a-57f79c107b05,Twist and Shout,1,2,A Taste of Honey,124000,a665e804-8159-407e-b822-d11c3b276a5b
9a56edc6-3a60-395f-8b8a-57f79c107b05,Twist and Shout,1,3,Do You Want to Know a Secret,118000,2df92299-b2b1-4623-9e1a-0688a6e9af62
9a56edc6-3a60-395f-8b8a-57f79c107b05,Twist and Shout,1,4,There’s a Place,110000,29135870-9a6f-46ad-a4e7-d8ca24541626
9d94ac51-0213-461b-89c9-3ddf9194eb61,From Me to You / Thank You Girl,1,1,From Me to You,117106,dc87225b-46bc-4a5d-837f-14e7eb8f2ca2
9d94ac51-0213-461b-89c9-3ddf9194eb61,From Me to You / Thank You Girl,1,2,Thank You Girl,123600,72e496b3-73e5-482a-99f8-5a0f9a844391
9dc4785d-5b57-372d-8bc7-3c0fd41c2ed9,She Loves You / I’ll Get You,1,1,She Loves You,141333,21047249-7b3f-4651-acca-246669c081fd
9dc4785d-5b57-372d-8bc7-3c0fd41c2ed9,She Loves You / I’ll Get You,1,2,I’ll Get You,125893,5de0bb62-d0aa-47f1-9d04-e7911a7ffdc5
a012ca1a-28ec-46b2-b01c-3892ef9e251c,I Want to Hold Your Hand / This Boy,1,1,I Want to Hold Your Hand,147000,e9433409-2786-4194-8dfb-9427e6ba34d2
a012ca1a-28ec-46b2-b01c-3892ef9e251c,I Want to Hold Your Hand / This Boy,1,2,This Boy,135000,7c9e1dfc-71e4-4980-982b-ef841efdd325
a383521b-261b-3f36-b288-32e5c50b83c4,She Loves You / I’ll Get You,1,1,She Loves You,141333,21047249-7b3f-4651-acca-246669c081fd
a383521b-261b-3f36-b288-32e5c50b83c4,She Loves You / I’ll Get You,1,2,I’ll Get You,125893,5de0bb62-d0aa-47f1-9d04-e7911a7ffdc5
a4beab58-db04-41b3-9d97-c75a10cf5944,From Me to You / Thank You Girl,1,1,From Me to You,117106,dc87225b-46bc-4a5d-837f-14e7eb8f2ca2
a4beab58-db04-41b3-9d97-c75a10cf5944,From Me to You / Thank You Girl,1,2,Thank You Girl,123600,72e496b3-73e5-482a-99f8-5a0f9a844391
a83ad2da-7a52-43e8-a13b-8caa29913a33,Introducing… The Beatles,1,1,I Saw Her Standing There,175773,0e04d324-4710-422e-8a4a-1d7362caa5ad
a83ad2da-7a52-43e8-a13b-8caa29913a33,Introducing… The Beatles,1,2,Misery,108547,cd80145d-f897-4469-a7d5-cedc6d83b816
a83ad2da-7a52-43e8-a13b-8caa29913a33,Introducing… The Beatles,1,3,Anna (Go to Him),177133,59b38ba7-ad30-4dfe-ba41-3d8ee4348c18
a83ad2da-7a52-43e8-a13b-8caa29913a33,Introducing… The Beatles,1,4,Chains,145080,7c56b21f-17d5-43a3-a698-14373c1f302d
a83ad2da-7a52-43e8-a13b-8caa29913a33,Introducing… The Beatles,1,5,Boys,146440,606667b6-12ac-4e34-9e42-d5c773916d10
a83ad2da-7a52-43e8-a13b-8caa29913a33,Introducing… The Beatles,1,6,Love Me Do,141693,1f518811-7cf9-4bdc-a656-0958e130f312
a83ad2da-7a52-43e8-a13b-8caa29913a33,Introducing… The Beatles,1,7,P.S. I Love You,124000,c84e23aa-20d9-45df-85cb-a6ecdba6e44e
a83ad2da-7a52-43e8-a13b-8caa29913a33,Introducing… The Beatles,1,8,Baby It’s You,160226,fc36150d-9979-429d-aa9d-b217fd7d7218
a83ad2da-7a52-43e8-a13b-8caa29913a33,Introducing… The Beatles,1,9,Do You Want to Know a Secret,117013,b3c37580-789c-42d4-a906-ee0cf5cf4649
a83ad2da-7a52-43e8-a13b-8caa29913a33,Introducing… The Beatles,1,10,A Taste of Honey,123480,6794841d-9f38-4e22-865c-fdee1f383043
a83ad2da-7a52-43e8-a13b-8caa29913a33,Introducing… The Beatles,1,11,There’s a Place,110493,ee801ae1-001f-4b9e-9ebc-b2d03b8bf672
a83ad2da-7a52-43e8-a13b-8caa29913a33,Introducing… The Beatles,1,12,Twist and Shout,154000,735027a3-d183-42a0-a691-7be6c166df2f
a83d1eb2-4c76-4103-ac9b-bd9910aa7a83,Please Please Me,1,1,I Saw Her Standing There,175800,da77d23c-3acb-4b3d-9596-24aa55f03ece
a83d1eb2-4c76-4103-ac9b-bd9910aa7a83,Please Please Me,1,2,Misery,110200,c91fd146-01cb-4673-b653-d0845c05e164
a83d1eb2-4c76-4103-ac9b-bd9910aa7a83,Please Please Me,1,3,Anna (Go to Him),177933,db567516-40c0-46b0-9198-a196b8d2a19c
a83d1eb2-4c76-4103-ac9b-bd9910aa7a83,Please Please Me,1,4,Chains,146493,b4e7e5e2-69a5-423c-be62-6a888d07ccb6
a83d1eb2-4c76-4103-ac9b-bd9910aa7a83,Please Please Me,1,5,Boys,147506,64e7b8ca-2fa2-47ae-8f6a-e3ebf835e2da
a83d1eb2-4c76-4103-ac9b-bd9910aa7a83,Please Please Me,1,6,Ask Me Why,147733,04532aae-d0cb-403c-8e09-7ea1716a124c
a83d1eb2-4c76-4103-ac9b-bd9910aa7a83,Please Please Me,1,7,Please Please Me,121786,875c1cf7-f568-4f0d-b5e3-bc8a7614269a
a83d1eb2-4c76-4103-ac9b-bd9910aa7a83,Please Please Me,1,8,Love Me Do,141693,1f518811-7cf9-4bdc-a656-0958e130f312
a83d1eb2-4c76-4103-ac9b-bd9910aa7a83,Please Please Me,1,9,P.S. I Love You,124000,c84e23aa-20d9-45df-85cb-a6ecdba6e44e
a83d1eb2-4c76-4103-ac9b-bd9910aa7a83,Please Please Me,1,10,Baby It’s You,160226,f9b03c87-41da-4e69-b97d-500d587e3703
a83d1eb2-4c76-4103-ac9b-bd9910aa7a83,Please Please Me,1,11,Do You Want to Know a Secret,120000,42df56b9-0aa2-4cb7-bcb5-b8c6d89803de
a83d1eb2-4c76-4103-ac9b-bd9910aa7a83,Please Please Me,1,12,A Taste of Honey,125133,a6fbba57-6e43-4a8b-a017-c9c2cf64b282
a83d1eb2-4c76-4103-ac9b-bd9910aa7a83,Please Please Me,1,13,There’s a Place,113000,14c4b37f-8a93-4dc3-bc23-2ed86cdb20bb
a83d1eb2-4c76-4103-ac9b-bd9910aa7a83,Please Please Me,1,14,Twist and Shout,153466,af6fb155-b03c-46ea-a44e-22ce394b2a46
a90a50a1-b277-4df0-8229-3ff3c7f9a775,With The Beatles,1,1,It Won’t Be Long,133000,49150aa6-2f72-4c95-9247-130d5046e827
a90a50a1-b277-4df0-8229-3ff3c7f9a775,With The Beatles,1,2,All I’ve Got to Do,125000,c0071f77-86d0-4b0d-a36d-44c8af14dbe8
a90a50a1-b277-4df0-8229-3ff3c7f9a775,With The Beatles,1,3,All My Loving,129000,64a9d79b-5eee-4f8e-a43f-3402830174fb
a90a50a1-b277-4df0-8229-3ff3c7f9a775,With The Beatles,1,4,Don’t Bother Me,149000,fd8dec5e-c45f-4761-9d15-c1fb675cc21b
a90a50a1-b277-4df0-8229-3ff3c7f9a775,With The Beatles,1,5,Little Child,108000,13075131-64d3-447d-9c98-cd3e06afffda
a90a50a1-b277-4df0-8229-3ff3c7f9a775,With The Beatles,1,6,Till There Was You,137000,7ac6bb7b-6dca-4343-95f6-27eefc1a8841
a90a50a1-b277-4df0-8229-3ff3c7f9a775,With The Beatles,1,7,Please Mister Postman,155000,d6760a03-b4fe-429b-ac0e-f49416a12409
a90a50a1-b277-4df0-8229-3ff3c7f9a775,With The Beatles,1,8,Roll Over Beethoven,167640,706be20f-e062-4569-94cc-25842dc0a625
a90a50a1-b277-4df0-8229-3ff3c7f9a775,With The Beatles,1,9,Hold Me Tight,153000,0432a2b7-614b-4389-b4fd-44ecdaddc84f
a90a50a1-b277-4df0-8229-3ff3c7f9a775,With The Beatles,1,10,You Really Got a Hold on Me,183000,c30faedd-630b-48ea-9187-2ee737c310de
a90a50a1-b277-4df0-8229-3ff3c7f9a775,With The Beatles,1,11,I Wanna Be Your Man,119000,fe9a1f66-b3f7-451a-b0af-0ad513beafed
a90a50a1-b277-4df0-8229-3ff3c7f9a775,With The Beatles,1,12,Devil in Her Heart,148000,42fd2bdf-eb4b-486c-b144-d650013bd5b4
a90a50a1-b277-4df0-8229-3ff3c7f9a775,With The Beatles,1,13,Not a Second Time,128000,b5351678-2cbe-4b3d-b843-9fbc0e36b423
a90a50a1-b277-4df0-8229-3ff3c7f9a775,With The Beatles,1,14,Money (That’s What I Want),168000,37904f52-5381-4afa-a7a9-b49f408d6d33
a91b9173-b958-401b-9551-b15db0e7bc5d,With The Beatles,1,1,It Won’t Be Long,133000,49150aa6-2f72-4c95-9247-130d5046e827
a91b9173-b958-401b-9551-b15db0e7bc5d,With The Beatles,1,2,All I’ve Got to Do,125000,c0071f77-86d0-4b0d-a36d-44c8af14dbe8
a91b9173-b958-401b-9551-b15db0e7bc5d,With The Beatles,1,3,All My Loving,130000,be5761a7-d99a-44e8-96a4-904b490f7061
a91b9173-b958-401b-9551-b15db0e7bc5d,With The Beatles,1,4,Don’t Bother Me,149000,fd8dec5e-c45f-4761-9d15-c1fb675cc21b
a91b9173-b958-401b-9551-b15db0e7bc5d,With The Beatles,1,5,Little Child,108000,13075131-64d3-447d-9c98-cd3e06afffda
a91b9173-b958-401b-9551-b15db0e7bc5d,With The Beatles,1,6,Till There Was You,137000,7ac6bb7b-6dca-4343-95f6-27eefc1a8841
a91b9173-b958-401b-9551-b15db0e7bc5d,With The Beatles,1,7,Please Mister Postman,155000,d6760a03-b4fe-429b-ac0e-f49416a12409
a91b9173-b958-401b-9551-b15db0e7bc5d,With The Beatles,1,8,Roll Over Beethoven,167640,706be20f-e062-4569-94cc-25842dc0a625
a91b9173-b958-401b-9551-b15db0e7bc5d,With The Beatles,1,9,Hold Me Tight,153000,0432a2b7-614b-4389-b4fd-44ecdaddc84f
a91b9173-b958-401b-9551-b15db0e7bc5d,With The Beatles,1,10,You Really Got a Hold on Me,183000,c30faedd-630b-48ea-9187-2ee737c310de
a91b9173-b958-401b-9551-b15db0e7bc5d,With The Beatles,1,11,I Wanna Be Your Man,119000,fe9a1f66-b3f7-451a-b0af-0ad513beafed
a91b9173-b958-401b-9551-b15db0e7bc5d,With The Beatles,1,12,Devil in Her Heart,148000,42fd2bdf-eb4b-486c-b144-d650013bd5b4
a91b9173-b958-401b-9551-b15db0e7bc5d,With The Beatles,1,13,Not a Second Time,128000,b5351678-2cbe-4b3d-b843-9fbc0e36b423
a91b9173-b958-401b-9551-b15db0e7bc5d,With The Beatles,1,14,Money (That’s What I Want),168000,37904f52-5381-4afa-a7a9-b49f408d6d33
ad9a5857-7223-46b8-8594-093c4e5303db,No. 1,1,1,I Saw Her Standing There,175800,da77d23c-3acb-4b3d-9596-24aa55f03ece
ad9a5857-7223-46b8-8594-093c4e5303db,No. 1,1,2,Misery,110200,c91fd146-01cb-4673-b653-d0845c05e164
ad9a5857-7223-46b8-8594-093c4e5303db,No. 1,1,3,Anna (Go to Him),177933,db567516-40c0-46b0-9198-a196b8d2a19c
ad9a5857-7223-46b8-8594-093c4e5303db,No. 1,1,4,Chains,146493,b4e7e5e2-69a5-423c-be62-6a888d07ccb6
ade577f6-6087-4a4f-8e87-38b0f8169814,Please Please Me,1,1,I Saw Her Standing There,175800,da77d23c-3acb-4b3d-9596-24aa55f03ece
ade577f6-6087-4a4f-8e87-38b0f8169814,Please Please Me,1,2,Misery,110200,c91fd146-01cb-4673-b653-d0845c05e164
ade577f6-6087-4a4f-8e87-38b0f8169814,Please Please Me,1,3,Anna (Go to Him),177933,db567516-40c0-46b0-9198-a196b8d2a19c
ade577f6-6087-4a4f-8e87-38b0f8169814,Please Please Me,1,4,Chains,146493,b4e7e5e2-69a5-423c-be62-6a888d07ccb6
ade577f6-6087-4a4f-8e87-38b0f8169814,Please Please Me,1,5,Boys,147506,64e7b8ca-2fa2-47ae-8f6a-e3ebf835e2da
ade577f6-6087-4a4f-8e87-38b0f8169814,Please Please Me,1,6,Ask Me Why,147733,04532aae-d0cb-403c-8e09-7ea1716a124c
ade577f6-6087-4a4f-8e87-38b0f8169814,Please Please Me,1,7,Please Please Me,121786,875c1cf7-f568-4f0d-b5e3-bc8a7614269a
ade577f6-6087-4a4f-8e87-38b0f8169814,Please Please Me,1,8,Love Me Do,141693,1f518811-7cf9-4bdc-a656-0958e130f312
ade577f6-6087-4a4f-8e87-38b0f8169814,Please Please Me,1,9,P.S. I Love You,124000,c84e23aa-20d9-45df-85cb-a6ecdba6e44e
ade577f6-6087-4a4f-8e87-38b0f8169814,Please Please Me,1,10,Baby It’s You,160226,f9b03c87-41da-4e69-b97d-500d587e3703
ade577f6-6087-4a4f-8e87-38b0f8169814,Please Please Me,1,11,Do You Want to Know a Secret,120000,42df56b9-0aa2-4cb7-bcb5-b8c6d89803de
ade577f6-6087-4a4f-8e87-38b0f8169814,Please Please Me,1,12,A Taste of Honey,125133,a6fbba57-6e43-4a8b-a017-c9c2cf64b282
ade577f6-6087-4a4f-8e87-38b0f8169814,Please Please Me,1,13,There’s a Place,113000,14c4b37f-8a93-4dc3-bc23-2ed86cdb20bb
ade577f6-6087-4a4f-8e87-38b0f8169814,Please Please Me,1,14,Twist and Shout,153466,af6fb155-b03c-46ea-a44e-22ce394b2a46
b0c4e7b2-8501-4d76-a7b2-5fc08c508cf8,Please Please Me,1,1,I Saw Her Standing There,175773,0e04d324-4710-422e-8a4a-1d7362caa5ad
b0c4e7b2-8501-4d76-a7b2-5fc08c508cf8,Please Please Me,1,2,Misery,108547,cd80145d-f897-4469-a7d5-cedc6d83b816
b0c4e7b2-8501-4d76-a7b2-5fc08c508cf8,Please Please Me,1,3,Anna (Go to Him),177133,59b38ba7-ad30-4dfe-ba41-3d8ee4348c18
b0c4e7b2-8501-4d76-a7b2-5fc08c508cf8,Please Please Me,1,4,Chains,145080,7c56b21f-17d5-43a3-a698-14373c1f302d
b0c4e7b2-8501-4d76-a7b2-5fc08c508cf8,Please Please Me,1,5,Boys,146440,606667b6-12ac-4e34-9e42-d5c773916d10
b0c4e7b2-8501-4d76-a7b2-5fc08c508cf8,Please Please Me,1,6,Ask Me Why,146533,d9944f08-0291-4939-9630-65f0ae8657ae
b0c4e7b2-8501-4d76-a7b2-5fc08c508cf8,Please Please Me,1,7,Please Please Me,122000,b720b11f-2c00-4f48-83b9-4aa9d3207e8c
b0c4e7b2-8501-4d76-a7b2-5fc08c508cf8,Please Please Me,1,8,Love Me Do,141693,1f518811-7cf9-4bdc-a656-0958e130f312
b0c4e7b2-8501-4d76-a7b2-5fc08c508cf8,Please Please Me,1,9,P.S. I Love You,124000,c84e23aa-20d9-45df-85cb-a6ecdba6e44e
b0c4e7b2-8501-4d76-a7b2-5fc08c508cf8,Please Please Me,1,10,Baby It’s You,160226,fc36150d-9979-429d-aa9d-b217fd7d7218
b0c4e7b2-8501-4d76-a7b2-5fc08c508cf8,Please Please Me,1,11,Do You Want to Know a Secret,117013,b3c37580-789c-42d4-a906-ee0cf5cf4649
b0c4e7b2-8501-4d76-a7b2-5fc08c508cf8,Please Please Me,1,12,A Taste of Honey,123480,6794841d-9f38-4e22-865c-fdee1f383043
b0c4e7b2-8501-4d76-a7b2-5fc08c508cf8,Please Please Me,1,13,There’s a Place,110493,ee801ae1-001f-4b9e-9ebc-b2d03b8bf672
b0c4e7b2-8501-4d76-a7b2-5fc08c508cf8,Please Please Me,1,14,Twist and Shout,154000,735027a3-d183-42a0-a691-7be6c166df2f
b13c7b8f-c04f-435e-80fc-95d15418ec8e,Please Please Me,1,1,I Saw Her Standing There,175800,da77d23c-3acb-4b3d-9596-24aa55f03ece
b13c7b8f-c04f-435e-80fc-95d15418ec8e,Please Please Me,1,2,Misery,110200,c91fd146-01cb-4673-b653-d0845c05e164
b13c7b8f-c04f-435e-80fc-95d15418ec8e,Please Please Me,1,3,Anna (Go to Him),177933,db567516-40c0-46b0-9198-a196b8d2a19c
b13c7b8f-c04f-435e-80fc-95d15418ec8e,Please Please Me,1,4,Chains,146493,b4e7e5e2-69a5-423c-be62-6a888d07ccb6
b13c7b8f-c04f-435e-80fc-95d15418ec8e,Please Please Me,1,5,Boys,147506,64e7b8ca-2fa2-47ae-8f6a-e3ebf835e2da
b13c7b8f-c04f-435e-80fc-95d15418ec8e,Please Please Me,1,6,Ask Me Why,147733,04532aae-d0cb-403c-8e09-7ea1716a124c
b13c7b8f-c04f-435e-80fc-95d15418ec8e,Please Please Me,1,7,Please Please Me,121786,875c1cf7-f568-4f0d-b5e3-bc8a7614269a
b13c7b8f-c04f-435e-80fc-95d15418ec8e,Please Please Me,1,8,Love Me Do,141693,1f518811-7cf9-4bdc-a656-0958e130f312
b13c7b8f-c04f-435e-80fc-95d15418ec8e,Please Please Me,1,9,P.S. I Love You,124000,c84e23aa-20d9-45df-85cb-a6ecdba6e44e
b13c7b8f-c04f-435e-80fc-95d15418ec8e,Please Please Me,1,10,Baby It’s You,160226,f9b03c87-41da-4e69-b97d-500d587e3703
b13c7b8f-c04f-435e-80fc-95d15418ec8e,Please Please Me,1,11,Do You Want to Know a Secret,120000,42df56b9-0aa2-4cb7-bcb5-b8c6d89803de
b13c7b8f-c04f-435e-80fc-95d15418ec8e,Please Please Me,1,12,A Taste of Honey,125133,a6fbba57-6e43-4a8b-a017-c9c2cf64b282
b13c7b8f-c04f-435e-80fc-95d15418ec8e,Please Please Me,1,13,There’s a Place,113000,14c4b37f-8a93-4dc3-bc23-2ed86cdb20bb
b13c7b8f-c04f-435e-80fc-95d15418ec8e,Please Please Me,1,14,Twist and Shout,153466,af6fb155-b03c-46ea-a44e-22ce394b2a46
b2175fb6-e13d-4e55-9729-ca9c0e748753,The Beatles’ Hits,1,1,From Me to You,117106,dc87225b-46bc-4a5d-837f-14e7eb8f2ca2
b2175fb6-e13d-4e55-9729-ca9c0e748753,The Beatles’ Hits,1,2,Thank You Girl,123600,72e496b3-73e5-482a-99f8-5a0f9a844391
b2175fb6-e13d-4e55-9729-ca9c0e748753,The Beatles’ Hits,1,3,Please Please Me,121786,875c1cf7-f568-4f0d-b5e3-bc8a7614269a
b2175fb6-e13d-4e55-9729-ca9c0e748753,The Beatles’ Hits,1,4,Love Me Do,141693,1f518811-7cf9-4bdc-a656-0958e130f312
c1177b07-b075-4af3-ba89-32d438b047e6,My Bonnie,1,1,My Bonnie,162160,d77c43a1-7804-46ce-98c3-8da60ebba7ba
c1177b07-b075-4af3-ba89-32d438b047e6,My Bonnie,1,2,The Saints,199000,bb0fc222-e480-48a5-89ec-a564efb3886a
c197ef6d-a6dc-4c8b-b560-91516e3991dc,Please Please Me,1,1,I Saw Her Standing There,175800,da77d23c-3acb-4b3d-9596-24aa55f03ece
c197ef6d-a6dc-4c8b-b560-91516e3991dc,Please Please Me,1,2,Misery,110200,c91fd146-01cb-4673-b653-d0845c05e164
c197ef6d-a6dc-4c8b-b560-91516e3991dc,Please Please Me,1,3,Anna (Go to Him),177933,db567516-40c0-46b0-9198-a196b8d2a19c
c197ef6d-a6dc-4c8b-b560-91516e3991dc,Please Please Me,1,4,Chains,146493,b4e7e5e2-69a5-423c-be62-6a888d07ccb6
c197ef6d-a6dc-4c8b-b560-91516e3991dc,Please Please Me,1,5,Boys,147506,64e7b8ca-2fa2-47ae-8f6a-e3ebf835e2da
c197ef6d-a6dc-4c8b-b560-91516e3991dc,Please Please Me,1,6,Ask Me Why,147733,04532aae-d0cb-403c-8e09-7ea1716a124c
c197ef6d-a6dc-4c8b-b560-91516e3991dc,Please Please Me,1,7,Please Please Me,121786,875c1cf7-f568-4f0d-b5e3-bc8a7614269a
c197ef6d-a6dc-4c8b-b560-91516e3991dc,Please Please Me,1,8,Love Me Do,141693,1f518811-7cf9-4bdc-a656-0958e130f312
c197ef6d-a6dc-4c8b-b560-91516e3991dc,Please Please Me,1,9,P.S. I Love You,124000,c84e23aa-20d9-45df-85cb-a6ecdba6e44e
c197ef6d-a6dc-4c8b-b560-91516e3991dc,Please Please Me,1,10,Baby It’s You,160226,f9b03c87-41da-4e69-b97d-500d587e3703
c197ef6d-a6dc-4c8b-b560-91516e3991dc,Please Please Me,1,11,Do You Want to Know a Secret,120000,42df56b9-0aa2-4cb7-bcb5-b8c6d89803de
c197ef6d-a6dc-4c8b-b560-91516e3991dc,Please Please Me,1,12,A Taste of Honey,125133,a6fbba57-6e43-4a8b-a017-c9c2cf64b282
c197ef6d-a6dc-4c8b-b560-91516e3991dc,Please Please Me,1,13,There’s a Place,113000,14c4b37f-8a93-4dc3-bc23-2ed86cdb20bb
c197ef6d-a6dc-4c8b-b560-91516e3991dc,Please Please Me,1,14,Twist and Shout,153466,af6fb155-b03c-46ea-a44e-22ce394b2a46
c4aeaf91-4047-4324-8452-d38ade06d2af,My Bonnie,1,1,My Bonnie,162160,d77c43a1-7804-46ce-98c3-8da60ebba7ba
c4aeaf91-4047-4324-8452-d38ade06d2af,My Bonnie,1,2,The Saints,199000,bb0fc222-e480-48a5-89ec-a564efb3886a
c8b109f2-cb84-4ce8-b60a-e44213b76d16,The Beatles’ Hits,1,1,From Me to You,117106,dc87225b-46bc-4a5d-837f-14e7eb8f2ca2
c8b109f2-cb84-4ce8-b60a-e44213b76d16,The Beatles’ Hits,1,2,Thank You Girl,123600,72e496b3-73e5-482a-99f8-5a0f9a844391
c8b109f2-cb84-4ce8-b60a-e44213b76d16,The Beatles’ Hits,1,3,Please Please Me,121786,875c1cf7-f568-4f0d-b5e3-bc8a7614269a
c8b109f2-cb84-4ce8-b60a-e44213b76d16,The Beatles’ Hits,1,4,Love Me Do,141693,1f518811-7cf9-4bdc-a656-0958e130f312
c950b06d-c727-4673-8bae-be985616b1cc,I Want to Hold Your Hand / This Boy,1,1,I Want to Hold Your Hand,147000,e9433409-2786-4194-8dfb-9427e6ba34d2
c950b06d-c727-4673-8bae-be985616b1cc,I Want to Hold Your Hand / This Boy,1,2,This Boy,135000,7c9e1dfc-71e4-4980-982b-ef841efdd325
d091b875-7b32-47cf-b76e-2bc1ef4240e2,I Want to Hold Your Hand,1,1,I Want to Hold Your Hand,147000,e9433409-2786-4194-8dfb-9427e6ba34d2
d091b875-7b32-47cf-b76e-2bc1ef4240e2,I Want to Hold Your Hand,1,2,Till There Was You,137000,7ac6bb7b-6dca-4343-95f6-27eefc1a8841
d091b875-7b32-47cf-b76e-2bc1ef4240e2,I Want to Hold Your Hand,1,3,This Boy,135000,7c9e1dfc-71e4-4980-982b-ef841efdd325
d091b875-7b32-47cf-b76e-2bc1ef4240e2,I Want to Hold Your Hand,1,4,Devil in Her Heart,148000,42fd2bdf-eb4b-486c-b144-d650013bd5b4
d2e3b61b-4d33-431e-9094-b57138c87cfa,From Me to You / Thank You Girl,1,1,From Me to You,117106,dc87225b-46bc-4a5d-837f-14e7eb8f2ca2
d2e3b61b-4d33-431e-9094-b57138c87cfa,From Me to You / Thank You Girl,1,2,Thank You Girl,123600,72e496b3-73e5-482a-99f8-5a0f9a844391
d47b6b90-0dfc-4ef2-b189-5e18fdb7a59b,My Bonnie,1,1,My Bonnie,162160,d77c43a1-7804-46ce-98c3-8da60ebba7ba
d47b6b90-0dfc-4ef2-b189-5e18fdb7a59b,My Bonnie,1,2,Cry for a Shadow,143000,9efd24e2-163c-4e66-8824-b0d8c262813a
d47b6b90-0dfc-4ef2-b189-5e18fdb7a59b,My Bonnie,1,3,The Saints,199000,bb0fc222-e480-48a5-89ec-a564efb3886a
d47b6b90-0dfc-4ef2-b189-5e18fdb7a59b,My Bonnie,1,4,Why,178000,46d31955-3b0b-4615-bcc7-832c4b666c0b
d79399a5-bea1-4eb9-b3dc-c2b161acb879,Twist and Shout,1,1,Twist and Shout,153466,af6fb155-b03c-46ea-a44e-22ce394b2a46
d79399a5-bea1-4eb9-b3dc-c2b161acb879,Twist and Shout,1,2,A Taste of Honey,125133,a6fbba57-6e43-4a8b-a017-c9c2cf64b282
d79399a5-bea1-4eb9-b3dc-c2b161acb879,Twist and Shout,1,3,Do You Want to Know a Secret,120000,42df56b9-0aa2-4cb7-bcb5-b8c6d89803de
d79399a5-bea1-4eb9-b3dc-c2b161acb879,Twist and Shout,1,4,There’s a Place,113000,14c4b37f-8a93-4dc3-bc23-2ed86cdb20bb
dfd0dbf8-67e8-4dc0-acb1-c684ded1c501,Please Please Me / Ask Me Why,1,1,Please Please Me,121786,875c1cf7-f568-4f0d-b5e3-bc8a7614269a
dfd0dbf8-67e8-4dc0-acb1-c684ded1c501,Please Please Me / Ask Me Why,1,2,Ask Me Why,142000,c8da403f-3c34-48b0-ae9e-7aa419df07c3
e01df4ab-f3a2-4a61-8e70-86a149d93ef8,The Beatles’ Hits,1,1,From Me to You,117106,dc87225b-46bc-4a5d-837f-14e7eb8f2ca2
e01df4ab-f3a2-4a61-8e70-86a149d93ef8,The Beatles’ Hits,1,2,Thank You Girl,123600,72e496b3-73e5-482a-99f8-5a0f9a844391
e01df4ab-f3a2-4a61-8e70-86a149d93ef8,The Beatles’ Hits,1,3,Please Please Me,121786,875c1cf7-f568-4f0d-b5e3-bc8a7614269a
e01df4ab-f3a2-4a61-8e70-86a149d93ef8,The Beatles’ Hits,1,4,Love Me Do,141693,1f518811-7cf9-4bdc-a656-0958e130f312
e6251cfe-1376-49bd-a9c3-c9fd0ff6894f,Twist and Shout,1,1,Twist and Shout,153466,af6fb155-b03c-46ea-a44e-22ce394b2a46
e6251cfe-1376-49bd-a9c3-c9fd0ff6894f,Twist and Shout,1,2,A Taste of Honey,125133,a6fbba57-6e43-4a8b-a017-c9c2cf64b282
e6251cfe-1376-49bd-a9c3-c9fd0ff6894f,Twist and Shout,1,3,Do You Want to Know a Secret,120000,42df56b9-0aa2-4cb7-bcb5-b8c6d89803de
e6251cfe-1376-49bd-a9c3-c9fd0ff6894f,Twist and Shout,1,4,There’s a Place,113000,14c4b37f-8a93-4dc3-bc23-2ed86cdb20bb
e6c8fb8d-32cc-4ee5-a6df-bb7e4d604d6d,Roll Over Beethoven / Please Mr. Postman,1,1,Roll Over Beethoven,167640,706be20f-e062-4569-94cc-25842dc0a625
e6c8fb8d-32cc-4ee5-a6df-bb7e4d604d6d,Roll Over Beethoven / Please Mr. Postman,1,2,Please Mister Postman,155000,d6760a03-b4fe-429b-ac0e-f49416a12409
ec88abcc-f35d-4b14-b4d2-963f8b8ef291,"1963-10-24: The Beatles Popgrupp Fran Liverpool Pa Besök I Stockholm: Karlaplan Studios, Stockholm, Sweden",1,1,Intro,45000,7341d0bb-460f-494f-8af2-f10b0ab501bb
ec88abcc-f35d-4b14-b4d2-963f8b8ef291,"1963-10-24: The Beatles Popgrupp Fran Liverpool Pa Besök I Stockholm: Karlaplan Studios, Stockholm, Sweden",1,2,I Saw Her Standing There,168800,0da6b534-6df6-4dec-9a5a-90cb472ff442
ec88abcc-f35d-4b14-b4d2-963f8b8ef291,"1963-10-24: The Beatles Popgrupp Fran Liverpool Pa Besök I Stockholm: Karlaplan Studios, Stockholm, Sweden",1,3,From Me to You,125440,5d386064-f484-4162-b132-758726cb3824
ec88abcc-f35d-4b14-b4d2-963f8b8ef291,"1963-10-24: The Beatles Popgrupp Fran Liverpool Pa Besök I Stockholm: Karlaplan Studios, Stockholm, Sweden",1,4,Money (That’s What I Want),172200,f81b982d-b5f0-47e3-a480-954ab27106e9
ec88abcc-f35d-4b14-b4d2-963f8b8ef291,"1963-10-24: The Beatles Popgrupp Fran Liverpool Pa Besök I Stockholm: Karlaplan Studios, Stockholm, Sweden",1,5,Roll Over Beethoven,141760,d92ded66-d846-4fac-8cbb-a57c83380762
ec88abcc-f35d-4b14-b4d2-963f8b8ef291,"1963-10-24: The Beatles Popgrupp Fran Liverpool Pa Besök I Stockholm: Karlaplan Studios, Stockholm, Sweden",1,6,You Really Got a Hold on Me,178066,5f8f2a9b-bd4f-4809-ba08-59b1653cb423
ec88abcc-f35d-4b14-b4d2-963f8b8ef291,"1963-10-24: The Beatles Popgrupp Fran Liverpool Pa Besök I Stockholm: Karlaplan Studios, Stockholm, Sweden",1,7,She Loves You,151000,bdbd0737-5b0e-408d-9584-b03e61956431
ec88abcc-f35d-4b14-b4d2-963f8b8ef291,"1963-10-24: The Beatles Popgrupp Fran Liverpool Pa Besök I Stockholm: Karlaplan Studios, Stockholm, Sweden",1,8,Twist and Shout,173000,24ed6236-ac1d-4951-aac7-41917589f932
ed1b4678-9544-4974-a532-73bca11a0835,Love Me Do / P.S. I Love You,1,1,Love Me Do,143906,f87eb4dd-7e3c-4365-a3c8-f144696f5952
ed1b4678-9544-4974-a532-73bca11a0835,Love Me Do / P.S. I Love You,1,2,P.S. I Love You,124000,c84e23aa-20d9-45df-85cb-a6ecdba6e44e
ee397a6d-c56f-45ea-9955-d203d2fea708,Please Please Me / Ask Me Why,1,1,Please Please Me,121786,875c1cf7-f568-4f0d-b5e3-bc8a7614269a
ee397a6d-c56f-45ea-9955-d203d2fea708,Please Please Me / Ask Me Why,1,2,Ask Me Why,142000,c8da403f-3c34-48b0-ae9e-7aa419df07c3
f28fcb1e-25fa-4e42-8614-b3b8c3feb750,She Loves You / I’ll Get You,1,1,She Loves You,141333,21047249-7b3f-4651-acca-246669c081fd
f28fcb1e-25fa-4e42-8614-b3b8c3feb750,She Loves You / I’ll Get You,1,2,I’ll Get You,125893,5de0bb62-d0aa-47f1-9d04-e7911a7ffdc5
f4214743-6753-4eea-acef-7a3ac4bc89c3,Please Please Me / Ask Me Why,1,1,Please Please Me,121786,875c1cf7-f568-4f0d-b5e3-bc8a7614269a
f4214743-6753-4eea-acef-7a3ac4bc89c3,Please Please Me / Ask Me Why,1,2,Ask Me Why,142000,c8da403f-3c34-48b0-ae9e-7aa419df07c3
f7a739ac-45d2-377a-b84f-b3789dd471cd,Please Please Me,1,1,Please Please Me,122000,b720b11f-2c00-4f48-83b9-4aa9d3207e8c
f7a739ac-45d2-377a-b84f-b3789dd471cd,Please Please Me,1,2,Ask Me Why,142000,c8da403f-3c34-48b0-ae9e-7aa419df07c3
f8b4bec0-d9d7-4e94-8db8-2d2f9a76f4e0,Please Please Me / Ask Me Why,1,1,Please Please Me,121786,875c1cf7-f568-4f0d-b5e3-bc8a7614269a
f8b4bec0-d9d7-4e94-8db8-2d2f9a76f4e0,Please Please Me / Ask Me Why,1,2,Ask Me Why,142000,c8da403f-3c34-48b0-ae9e-7aa419df07c3
fb7b626f-0509-472b-b9b0-8cf8bd507154,With The Beatles,1,1,It Won’t Be Long,133386,d51d3d1f-7f92-4a8b-91df-f37c3a93d145
fb7b626f-0509-472b-b9b0-8cf8bd507154,With The Beatles,1,2,All I’ve Got to Do,125000,3129b2ee-03fe-477c-92f7-e275b96f5071
fb7b626f-0509-472b-b9b0-8cf8bd507154,With The Beatles,1,3,All My Loving,129000,64a9d79b-5eee-4f8e-a43f-3402830174fb
fb7b626f-0509-472b-b9b0-8cf8bd507154,With The Beatles,1,4,Don’t Bother Me,149000,ae2c5d82-1295-4f2a-8680-8bd42e61281a
fb7b626f-0509-472b-b9b0-8cf8bd507154,With The Beatles,1,5,Little Child,108000,542e40c8-f83c-430b-bd44-d0c20e9b8c92
fb7b626f-0509-472b-b9b0-8cf8bd507154,With The Beatles,1,6,Till There Was You,137000,7d61f681-36ea-44cf-9de1-84c0241de96d
fb7b626f-0509-472b-b9b0-8cf8bd507154,With The Beatles,1,7,Please Mister Postman,155000,62ebf874-f6ba-4df9-9a4a-944aebf1f07b
fb7b626f-0509-472b-b9b0-8cf8bd507154,With The Beatles,1,8,Roll Over Beethoven,168000,e44e7ccd-3297-48ed-8611-0beb6087d92d
fb7b626f-0509-472b-b9b0-8cf8bd507154,With The Beatles,1,9,Hold Me Tight,153000,47c5356f-b40f-4369-82d4-b0238eb78f6a
fb7b626f-0509-472b-b9b0-8cf8bd507154,With The Beatles,1,10,You Really Got a Hold on Me,183000,4dc2450f-4353-441f-baa4-e3b0d31562fa
fb7b626f-0509-472b-b9b0-8cf8bd507154,With The Beatles,1,11,I Wanna Be Your Man,120000,573b70bd-9ac3-4600-8092-00e483046d3e
fb7b626f-0509-472b-b9b0-8cf8bd507154,With The Beatles,1,12,Devil in Her Heart,148000,8b090b49-76a0-4ef0-8270-22ccc60b272f
fb7b626f-0509-472b-b9b0-8cf8bd507154,With The Beatles,1,13,Not a Second Time,127000,02e355fc-e422-4aa3-acfa-089c35ecc128
fb7b626f-0509-472b-b9b0-8cf8bd507154,With The Beatles,1,14,Money (That’s What I Want),169506,efc73dc2-b2a5-451b-95a8-1712009005a4
fdab6b1b-fec0-4e3a-9041-f60fe4479d0a,Please Please Me,1,1,I Saw Her Standing There,175800,da77d23c-3acb-4b3d-9596-24aa55f03ece
fdab6b1b-fec0-4e3a-9041-f60fe4479d0a,Please Please Me,1,2,Misery,110200,c91fd146-01cb-4673-b653-d0845c05e164
fdab6b1b-fec0-4e3a-9041-f60fe4479d0a,Please Please Me,1,3,Anna (Go to Him),177933,db567516-40c0-46b0-9198-a196b8d2a19c
fdab6b1b-fec0-4e3a-9041-f60fe4479d0a,Please Please Me,1,4,Chains,146493,b4e7e5e2-69a5-423c-be62-6a888d07ccb6
fdab6b1b-fec0-4e3a-9041-f60fe4479d0a,Please Please Me,1,5,Boys,147506,64e7b8ca-2fa2-47ae-8f6a-e3ebf835e2da
fdab6b1b-fec0-4e3a-9041-f60fe4479d0a,Please Please Me,1,6,Ask Me Why,147733,04532aae-d0cb-403c-8e09-7ea1716a124c
fdab6b1b-fec0-4e3a-9041-f60fe4479d0a,Please Please Me,1,7,Please Please Me,121786,875c1cf7-f568-4f0d-b5e3-bc8a7614269a
fdab6b1b-fec0-4e3a-9041-f60fe4479d0a,Please Please Me,1,8,Love Me Do,141693,1f518811-7cf9-4bdc-a656-0958e130f312
fdab6b1b-fec0-4e3a-9041-f60fe4479d0a,Please Please Me,1,9,P.S. I Love You,124000,c84e23aa-20d9-45df-85cb-a6ecdba6e44e
fdab6b1b-fec0-4e3a-9041-f60fe4479d0a,Please Please Me,1,10,Baby It’s You,160226,f9b03c87-41da-4e69-b97d-500d587e3703
fdab6b1b-fec0-4e3a-9041-f60fe4479d0a,Please Please Me,1,11,Do You Want to Know a Secret,120000,42df56b9-0aa2-4cb7-bcb5-b8c6d89803de
fdab6b1b-fec0-4e3a-9041-f60fe4479d0a,Please Please Me,1,12,A Taste of Honey,125133,a6fbba57-6e43-4a8b-a017-c9c2cf64b282
fdab6b1b-fec0-4e3a-9041-f60fe4479d0a,Please Please Me,1,13,There’s a Place,113000,14c4b37f-8a93-4dc3-bc23-2ed86cdb20bb
fdab6b1b-fec0-4e3a-9041-f60fe4479d0a,Please Please Me,1,14,Twist and Shout,153466,af6fb155-b03c-46ea-a44e-22ce394b2a46
